query_id,kind,rank,video_id,frame_id,query
query-p1-1-kis,kis,1,L29_V005,1215,"Cảnh quay một nhóm hơn 5 người xếp thành hàng tập thể dục, cùng thực hiện động tác hai tay chạm mũi chân. Trong nhóm chỉ có một người đeo kính và ba người đội nón có màu đỏ."
query-p1-1-kis,kis,2,L22_V029,8033,"Cảnh quay một nhóm hơn 5 người xếp thành hàng tập thể dục, cùng thực hiện động tác hai tay chạm mũi chân. Trong nhóm chỉ có một người đeo kính và ba người đội nón có màu đỏ."
query-p1-1-kis,kis,3,L29_V017,9585,"Cảnh quay một nhóm hơn 5 người xếp thành hàng tập thể dục, cùng thực hiện động tác hai tay chạm mũi chân. Trong nhóm chỉ có một người đeo kính và ba người đội nón có màu đỏ."
query-p1-1-kis,kis,4,L29_V009,1215,"Cảnh quay một nhóm hơn 5 người xếp thành hàng tập thể dục, cùng thực hiện động tác hai tay chạm mũi chân. Trong nhóm chỉ có một người đeo kính và ba người đội nón có màu đỏ."
query-p1-1-kis,kis,5,L29_V014,1215,"Cảnh quay một nhóm hơn 5 người xếp thành hàng tập thể dục, cùng thực hiện động tác hai tay chạm mũi chân. Trong nhóm chỉ có một người đeo kính và ba người đội nón có màu đỏ."
query-p1-1-kis,kis,6,L29_V018,8505,"Cảnh quay một nhóm hơn 5 người xếp thành hàng tập thể dục, cùng thực hiện động tác hai tay chạm mũi chân. Trong nhóm chỉ có một người đeo kính và ba người đội nón có màu đỏ."
query-p1-1-kis,kis,7,L29_V016,1215,"Cảnh quay một nhóm hơn 5 người xếp thành hàng tập thể dục, cùng thực hiện động tác hai tay chạm mũi chân. Trong nhóm chỉ có một người đeo kính và ba người đội nón có màu đỏ."
query-p1-1-kis,kis,8,L30_V046,689,"Cảnh quay một nhóm hơn 5 người xếp thành hàng tập thể dục, cùng thực hiện động tác hai tay chạm mũi chân. Trong nhóm chỉ có một người đeo kính và ba người đội nón có màu đỏ."
query-p1-10-kis,kis,1,L29_V013,9855,Hành động cắt chùm nho bằng kéo từ giàn nho bằng một chiếc kéo màu đen. Có thể thấy có một sợi dây màu xanh dương được buộc vào cuống của chùm nho này trước khi nó được cắt.
query-p1-10-kis,kis,2,L29_V013,12394,Hành động cắt chùm nho bằng kéo từ giàn nho bằng một chiếc kéo màu đen. Có thể thấy có một sợi dây màu xanh dương được buộc vào cuống của chùm nho này trước khi nó được cắt.
query-p1-10-kis,kis,3,L29_V013,12174,Hành động cắt chùm nho bằng kéo từ giàn nho bằng một chiếc kéo màu đen. Có thể thấy có một sợi dây màu xanh dương được buộc vào cuống của chùm nho này trước khi nó được cắt.
query-p1-10-kis,kis,4,L29_V013,14444,Hành động cắt chùm nho bằng kéo từ giàn nho bằng một chiếc kéo màu đen. Có thể thấy có một sợi dây màu xanh dương được buộc vào cuống của chùm nho này trước khi nó được cắt.
query-p1-10-kis,kis,5,L29_V013,10395,Hành động cắt chùm nho bằng kéo từ giàn nho bằng một chiếc kéo màu đen. Có thể thấy có một sợi dây màu xanh dương được buộc vào cuống của chùm nho này trước khi nó được cắt.
query-p1-10-kis,kis,6,L29_V013,18495,Hành động cắt chùm nho bằng kéo từ giàn nho bằng một chiếc kéo màu đen. Có thể thấy có một sợi dây màu xanh dương được buộc vào cuống của chùm nho này trước khi nó được cắt.
query-p1-10-kis,kis,7,L29_V013,20906,Hành động cắt chùm nho bằng kéo từ giàn nho bằng một chiếc kéo màu đen. Có thể thấy có một sợi dây màu xanh dương được buộc vào cuống của chùm nho này trước khi nó được cắt.
query-p1-10-kis,kis,8,L27_V012,5670,Hành động cắt chùm nho bằng kéo từ giàn nho bằng một chiếc kéo màu đen. Có thể thấy có một sợi dây màu xanh dương được buộc vào cuống của chùm nho này trước khi nó được cắt.
query-p1-11-kis,kis,1,L23_V017,3327,"Cảnh quay chậm tại vị trí vạch đích của cuộc đua xe đạp. Góc máy sát mặt đường bắt trọn khoảnh khắc về đích theo thứ tự nhất, nhì, ba lần lượt là 1 tay đua áo vàng quần đen, 1 tay đua áo xanh dương quần đen và 1 tay đua áo xanh dương quần đỏ"
query-p1-11-kis,kis,2,L23_V025,16625,"Cảnh quay chậm tại vị trí vạch đích của cuộc đua xe đạp. Góc máy sát mặt đường bắt trọn khoảnh khắc về đích theo thứ tự nhất, nhì, ba lần lượt là 1 tay đua áo vàng quần đen, 1 tay đua áo xanh dương quần đen và 1 tay đua áo xanh dương quần đỏ"
query-p1-11-kis,kis,3,L23_V016,4696,"Cảnh quay chậm tại vị trí vạch đích của cuộc đua xe đạp. Góc máy sát mặt đường bắt trọn khoảnh khắc về đích theo thứ tự nhất, nhì, ba lần lượt là 1 tay đua áo vàng quần đen, 1 tay đua áo xanh dương quần đen và 1 tay đua áo xanh dương quần đỏ"
query-p1-11-kis,kis,4,L23_V004,8250,"Cảnh quay chậm tại vị trí vạch đích của cuộc đua xe đạp. Góc máy sát mặt đường bắt trọn khoảnh khắc về đích theo thứ tự nhất, nhì, ba lần lượt là 1 tay đua áo vàng quần đen, 1 tay đua áo xanh dương quần đen và 1 tay đua áo xanh dương quần đỏ"
query-p1-11-kis,kis,5,L23_V014,6875,"Cảnh quay chậm tại vị trí vạch đích của cuộc đua xe đạp. Góc máy sát mặt đường bắt trọn khoảnh khắc về đích theo thứ tự nhất, nhì, ba lần lượt là 1 tay đua áo vàng quần đen, 1 tay đua áo xanh dương quần đen và 1 tay đua áo xanh dương quần đỏ"
query-p1-11-kis,kis,6,L23_V017,7650,"Cảnh quay chậm tại vị trí vạch đích của cuộc đua xe đạp. Góc máy sát mặt đường bắt trọn khoảnh khắc về đích theo thứ tự nhất, nhì, ba lần lượt là 1 tay đua áo vàng quần đen, 1 tay đua áo xanh dương quần đen và 1 tay đua áo xanh dương quần đỏ"
query-p1-11-kis,kis,7,L23_V006,7000,"Cảnh quay chậm tại vị trí vạch đích của cuộc đua xe đạp. Góc máy sát mặt đường bắt trọn khoảnh khắc về đích theo thứ tự nhất, nhì, ba lần lượt là 1 tay đua áo vàng quần đen, 1 tay đua áo xanh dương quần đen và 1 tay đua áo xanh dương quần đỏ"
query-p1-11-kis,kis,8,L23_V013,6175,"Cảnh quay chậm tại vị trí vạch đích của cuộc đua xe đạp. Góc máy sát mặt đường bắt trọn khoảnh khắc về đích theo thứ tự nhất, nhì, ba lần lượt là 1 tay đua áo vàng quần đen, 1 tay đua áo xanh dương quần đen và 1 tay đua áo xanh dương quần đỏ"
query-p1-12-kis,kis,1,L22_V008,7852,"Có thể thấy trong cảnh quay có 4 tài xế xe ôm công nghệ trong trạm xăng, trong đó 3 người đứng đợi còn 1 người lái xe từ trái sang phải khung hình. Trước đó là cảnh một người đậy nắp bình xăng xe máy của họ. Có thông tin về giá dầu mazut được hiển thị trong khung hình."
query-p1-12-kis,kis,2,L22_V029,6441,"Có thể thấy trong cảnh quay có 4 tài xế xe ôm công nghệ trong trạm xăng, trong đó 3 người đứng đợi còn 1 người lái xe từ trái sang phải khung hình. Trước đó là cảnh một người đậy nắp bình xăng xe máy của họ. Có thông tin về giá dầu mazut được hiển thị trong khung hình."
query-p1-12-kis,kis,3,L22_V029,6261,"Có thể thấy trong cảnh quay có 4 tài xế xe ôm công nghệ trong trạm xăng, trong đó 3 người đứng đợi còn 1 người lái xe từ trái sang phải khung hình. Trước đó là cảnh một người đậy nắp bình xăng xe máy của họ. Có thông tin về giá dầu mazut được hiển thị trong khung hình."
query-p1-12-kis,kis,4,L22_V015,4070,"Có thể thấy trong cảnh quay có 4 tài xế xe ôm công nghệ trong trạm xăng, trong đó 3 người đứng đợi còn 1 người lái xe từ trái sang phải khung hình. Trước đó là cảnh một người đậy nắp bình xăng xe máy của họ. Có thông tin về giá dầu mazut được hiển thị trong khung hình."
query-p1-12-kis,kis,5,L22_V015,4587,"Có thể thấy trong cảnh quay có 4 tài xế xe ôm công nghệ trong trạm xăng, trong đó 3 người đứng đợi còn 1 người lái xe từ trái sang phải khung hình. Trước đó là cảnh một người đậy nắp bình xăng xe máy của họ. Có thông tin về giá dầu mazut được hiển thị trong khung hình."
query-p1-12-kis,kis,6,L22_V022,5036,"Có thể thấy trong cảnh quay có 4 tài xế xe ôm công nghệ trong trạm xăng, trong đó 3 người đứng đợi còn 1 người lái xe từ trái sang phải khung hình. Trước đó là cảnh một người đậy nắp bình xăng xe máy của họ. Có thông tin về giá dầu mazut được hiển thị trong khung hình."
query-p1-12-kis,kis,7,L22_V001,2646,"Có thể thấy trong cảnh quay có 4 tài xế xe ôm công nghệ trong trạm xăng, trong đó 3 người đứng đợi còn 1 người lái xe từ trái sang phải khung hình. Trước đó là cảnh một người đậy nắp bình xăng xe máy của họ. Có thông tin về giá dầu mazut được hiển thị trong khung hình."
query-p1-12-kis,kis,8,L22_V015,4203,"Có thể thấy trong cảnh quay có 4 tài xế xe ôm công nghệ trong trạm xăng, trong đó 3 người đứng đợi còn 1 người lái xe từ trái sang phải khung hình. Trước đó là cảnh một người đậy nắp bình xăng xe máy của họ. Có thông tin về giá dầu mazut được hiển thị trong khung hình."
query-p1-13-kis,kis,1,L27_V007,944,"Một người đứng dưới nước và rọi đèn. Tiếp theo là cảnh người này kéo lưới cá lúc bình minh, sau đó được một nhóm người khác tiến đến dùng máy quay ghi hình."
query-p1-13-kis,kis,2,L29_V021,8775,"Một người đứng dưới nước và rọi đèn. Tiếp theo là cảnh người này kéo lưới cá lúc bình minh, sau đó được một nhóm người khác tiến đến dùng máy quay ghi hình."
query-p1-13-kis,kis,3,L29_V021,9918,"Một người đứng dưới nước và rọi đèn. Tiếp theo là cảnh người này kéo lưới cá lúc bình minh, sau đó được một nhóm người khác tiến đến dùng máy quay ghi hình."
query-p1-13-kis,kis,4,L27_V006,4575,"Một người đứng dưới nước và rọi đèn. Tiếp theo là cảnh người này kéo lưới cá lúc bình minh, sau đó được một nhóm người khác tiến đến dùng máy quay ghi hình."
query-p1-13-kis,kis,5,L21_V019,23217,"Một người đứng dưới nước và rọi đèn. Tiếp theo là cảnh người này kéo lưới cá lúc bình minh, sau đó được một nhóm người khác tiến đến dùng máy quay ghi hình."
query-p1-13-kis,kis,6,L28_V022,21864,"Một người đứng dưới nước và rọi đèn. Tiếp theo là cảnh người này kéo lưới cá lúc bình minh, sau đó được một nhóm người khác tiến đến dùng máy quay ghi hình."
query-p1-13-kis,kis,7,L29_V020,2999,"Một người đứng dưới nước và rọi đèn. Tiếp theo là cảnh người này kéo lưới cá lúc bình minh, sau đó được một nhóm người khác tiến đến dùng máy quay ghi hình."
query-p1-13-kis,kis,8,L29_V021,6995,"Một người đứng dưới nước và rọi đèn. Tiếp theo là cảnh người này kéo lưới cá lúc bình minh, sau đó được một nhóm người khác tiến đến dùng máy quay ghi hình."
query-p1-14-kis,kis,1,L26_V052,2964,"Người đầu bếp lần lượt đặt các miếng nguyên liệu dạng thanh và những lát cắt hình hoa vào một đĩa đang được hấp trong nồi.
Các nguyên liệu được dùng đũa sắp xếp xen kẽ xung quanh phần thức ăn đã có sẵn trên đĩa.
Sau đó, đầu bếp dùng muỗng lấy thêm một loại nguyên liệu mềm từ tô thủy tinh.
Phần nguyên liệu này được đặt vào giữa đĩa, xung quanh là các miếng dạng thanh và hình hoa đã được sắp xếp trước đó."
query-p1-14-kis,kis,2,L26_V246,4352,"Người đầu bếp lần lượt đặt các miếng nguyên liệu dạng thanh và những lát cắt hình hoa vào một đĩa đang được hấp trong nồi.
Các nguyên liệu được dùng đũa sắp xếp xen kẽ xung quanh phần thức ăn đã có sẵn trên đĩa.
Sau đó, đầu bếp dùng muỗng lấy thêm một loại nguyên liệu mềm từ tô thủy tinh.
Phần nguyên liệu này được đặt vào giữa đĩa, xung quanh là các miếng dạng thanh và hình hoa đã được sắp xếp trước đó."
query-p1-14-kis,kis,3,L26_V310,3325,"Người đầu bếp lần lượt đặt các miếng nguyên liệu dạng thanh và những lát cắt hình hoa vào một đĩa đang được hấp trong nồi.
Các nguyên liệu được dùng đũa sắp xếp xen kẽ xung quanh phần thức ăn đã có sẵn trên đĩa.
Sau đó, đầu bếp dùng muỗng lấy thêm một loại nguyên liệu mềm từ tô thủy tinh.
Phần nguyên liệu này được đặt vào giữa đĩa, xung quanh là các miếng dạng thanh và hình hoa đã được sắp xếp trước đó."
query-p1-14-kis,kis,4,L26_V246,1358,"Người đầu bếp lần lượt đặt các miếng nguyên liệu dạng thanh và những lát cắt hình hoa vào một đĩa đang được hấp trong nồi.
Các nguyên liệu được dùng đũa sắp xếp xen kẽ xung quanh phần thức ăn đã có sẵn trên đĩa.
Sau đó, đầu bếp dùng muỗng lấy thêm một loại nguyên liệu mềm từ tô thủy tinh.
Phần nguyên liệu này được đặt vào giữa đĩa, xung quanh là các miếng dạng thanh và hình hoa đã được sắp xếp trước đó."
query-p1-14-kis,kis,5,L26_V170,7117,"Người đầu bếp lần lượt đặt các miếng nguyên liệu dạng thanh và những lát cắt hình hoa vào một đĩa đang được hấp trong nồi.
Các nguyên liệu được dùng đũa sắp xếp xen kẽ xung quanh phần thức ăn đã có sẵn trên đĩa.
Sau đó, đầu bếp dùng muỗng lấy thêm một loại nguyên liệu mềm từ tô thủy tinh.
Phần nguyên liệu này được đặt vào giữa đĩa, xung quanh là các miếng dạng thanh và hình hoa đã được sắp xếp trước đó."
query-p1-14-kis,kis,6,L26_V310,3328,"Người đầu bếp lần lượt đặt các miếng nguyên liệu dạng thanh và những lát cắt hình hoa vào một đĩa đang được hấp trong nồi.
Các nguyên liệu được dùng đũa sắp xếp xen kẽ xung quanh phần thức ăn đã có sẵn trên đĩa.
Sau đó, đầu bếp dùng muỗng lấy thêm một loại nguyên liệu mềm từ tô thủy tinh.
Phần nguyên liệu này được đặt vào giữa đĩa, xung quanh là các miếng dạng thanh và hình hoa đã được sắp xếp trước đó."
query-p1-14-kis,kis,7,L26_V171,7168,"Người đầu bếp lần lượt đặt các miếng nguyên liệu dạng thanh và những lát cắt hình hoa vào một đĩa đang được hấp trong nồi.
Các nguyên liệu được dùng đũa sắp xếp xen kẽ xung quanh phần thức ăn đã có sẵn trên đĩa.
Sau đó, đầu bếp dùng muỗng lấy thêm một loại nguyên liệu mềm từ tô thủy tinh.
Phần nguyên liệu này được đặt vào giữa đĩa, xung quanh là các miếng dạng thanh và hình hoa đã được sắp xếp trước đó."
query-p1-14-kis,kis,8,L26_V170,300,"Người đầu bếp lần lượt đặt các miếng nguyên liệu dạng thanh và những lát cắt hình hoa vào một đĩa đang được hấp trong nồi.
Các nguyên liệu được dùng đũa sắp xếp xen kẽ xung quanh phần thức ăn đã có sẵn trên đĩa.
Sau đó, đầu bếp dùng muỗng lấy thêm một loại nguyên liệu mềm từ tô thủy tinh.
Phần nguyên liệu này được đặt vào giữa đĩa, xung quanh là các miếng dạng thanh và hình hoa đã được sắp xếp trước đó."
query-p1-15-qa,qa,1,L21_V006,561,"Bản đồ phân bố động đất tại một vùng trên thế giới, với một bảng chú giải phía bên trái gồm các kí hiệu nhiều màu sắc tương ứng với các vị trí tâm chấn có cấp độ động đất khác nhau. Không tính bảng chú giải, có bao nhiêu vị trí ghi nhận động đất cấp độ 4?"
query-p1-15-qa,qa,2,L21_V010,19500,"Bản đồ phân bố động đất tại một vùng trên thế giới, với một bảng chú giải phía bên trái gồm các kí hiệu nhiều màu sắc tương ứng với các vị trí tâm chấn có cấp độ động đất khác nhau. Không tính bảng chú giải, có bao nhiêu vị trí ghi nhận động đất cấp độ 4?"
query-p1-15-qa,qa,3,L25_V069,44100,"Bản đồ phân bố động đất tại một vùng trên thế giới, với một bảng chú giải phía bên trái gồm các kí hiệu nhiều màu sắc tương ứng với các vị trí tâm chấn có cấp độ động đất khác nhau. Không tính bảng chú giải, có bao nhiêu vị trí ghi nhận động đất cấp độ 4?"
query-p1-15-qa,qa,4,L22_V009,9343,"Bản đồ phân bố động đất tại một vùng trên thế giới, với một bảng chú giải phía bên trái gồm các kí hiệu nhiều màu sắc tương ứng với các vị trí tâm chấn có cấp độ động đất khác nhau. Không tính bảng chú giải, có bao nhiêu vị trí ghi nhận động đất cấp độ 4?"
query-p1-15-qa,qa,5,L21_V010,19380,"Bản đồ phân bố động đất tại một vùng trên thế giới, với một bảng chú giải phía bên trái gồm các kí hiệu nhiều màu sắc tương ứng với các vị trí tâm chấn có cấp độ động đất khác nhau. Không tính bảng chú giải, có bao nhiêu vị trí ghi nhận động đất cấp độ 4?"
query-p1-15-qa,qa,6,L22_V009,9504,"Bản đồ phân bố động đất tại một vùng trên thế giới, với một bảng chú giải phía bên trái gồm các kí hiệu nhiều màu sắc tương ứng với các vị trí tâm chấn có cấp độ động đất khác nhau. Không tính bảng chú giải, có bao nhiêu vị trí ghi nhận động đất cấp độ 4?"
query-p1-15-qa,qa,7,L21_V030,4788,"Bản đồ phân bố động đất tại một vùng trên thế giới, với một bảng chú giải phía bên trái gồm các kí hiệu nhiều màu sắc tương ứng với các vị trí tâm chấn có cấp độ động đất khác nhau. Không tính bảng chú giải, có bao nhiêu vị trí ghi nhận động đất cấp độ 4?"
query-p1-15-qa,qa,8,L25_V076,9150,"Bản đồ phân bố động đất tại một vùng trên thế giới, với một bảng chú giải phía bên trái gồm các kí hiệu nhiều màu sắc tương ứng với các vị trí tâm chấn có cấp độ động đất khác nhau. Không tính bảng chú giải, có bao nhiêu vị trí ghi nhận động đất cấp độ 4?"
query-p1-2-kis,kis,1,L25_V069,13950,"Đoạn phim bắt đầu bằng một bản đồ, trên đó một loại công trình thủy lợi lần lượt xuất hiện bốn lần. Sau đó chuyển sang cảnh một con đập được quay từ trên cao, tiếp đến là cảnh cận con đập dưới trời mưa."
query-p1-2-kis,kis,2,L28_V008,944,"Đoạn phim bắt đầu bằng một bản đồ, trên đó một loại công trình thủy lợi lần lượt xuất hiện bốn lần. Sau đó chuyển sang cảnh một con đập được quay từ trên cao, tiếp đến là cảnh cận con đập dưới trời mưa."
query-p1-2-kis,kis,3,L28_V021,944,"Đoạn phim bắt đầu bằng một bản đồ, trên đó một loại công trình thủy lợi lần lượt xuất hiện bốn lần. Sau đó chuyển sang cảnh một con đập được quay từ trên cao, tiếp đến là cảnh cận con đập dưới trời mưa."
query-p1-2-kis,kis,4,L25_V069,13800,"Đoạn phim bắt đầu bằng một bản đồ, trên đó một loại công trình thủy lợi lần lượt xuất hiện bốn lần. Sau đó chuyển sang cảnh một con đập được quay từ trên cao, tiếp đến là cảnh cận con đập dưới trời mưa."
query-p1-2-kis,kis,5,L28_V020,20655,"Đoạn phim bắt đầu bằng một bản đồ, trên đó một loại công trình thủy lợi lần lượt xuất hiện bốn lần. Sau đó chuyển sang cảnh một con đập được quay từ trên cao, tiếp đến là cảnh cận con đập dưới trời mưa."
query-p1-2-kis,kis,6,L25_V087,2023,"Đoạn phim bắt đầu bằng một bản đồ, trên đó một loại công trình thủy lợi lần lượt xuất hiện bốn lần. Sau đó chuyển sang cảnh một con đập được quay từ trên cao, tiếp đến là cảnh cận con đập dưới trời mưa."
query-p1-2-kis,kis,7,L25_V016,19584,"Đoạn phim bắt đầu bằng một bản đồ, trên đó một loại công trình thủy lợi lần lượt xuất hiện bốn lần. Sau đó chuyển sang cảnh một con đập được quay từ trên cao, tiếp đến là cảnh cận con đập dưới trời mưa."
query-p1-2-kis,kis,8,L28_V002,270,"Đoạn phim bắt đầu bằng một bản đồ, trên đó một loại công trình thủy lợi lần lượt xuất hiện bốn lần. Sau đó chuyển sang cảnh một con đập được quay từ trên cao, tiếp đến là cảnh cận con đập dưới trời mưa."
query-p1-3-qa,qa,1,L28_V011,4185,"Hình ảnh một con cá được đặt lên cân, sau đó có cảnh một con cá khác cùng loại bị một người cầm đuôi. Con số hiển thị cuối cùng trên cân là bao nhiêu?"
query-p1-3-qa,qa,2,L21_V013,8346,"Hình ảnh một con cá được đặt lên cân, sau đó có cảnh một con cá khác cùng loại bị một người cầm đuôi. Con số hiển thị cuối cùng trên cân là bao nhiêu?"
query-p1-3-qa,qa,3,L21_V015,11313,"Hình ảnh một con cá được đặt lên cân, sau đó có cảnh một con cá khác cùng loại bị một người cầm đuôi. Con số hiển thị cuối cùng trên cân là bao nhiêu?"
query-p1-3-qa,qa,4,L28_V001,12022,"Hình ảnh một con cá được đặt lên cân, sau đó có cảnh một con cá khác cùng loại bị một người cầm đuôi. Con số hiển thị cuối cùng trên cân là bao nhiêu?"
query-p1-3-qa,qa,5,L21_V013,8205,"Hình ảnh một con cá được đặt lên cân, sau đó có cảnh một con cá khác cùng loại bị một người cầm đuôi. Con số hiển thị cuối cùng trên cân là bao nhiêu?"
query-p1-3-qa,qa,6,L28_V006,17574,"Hình ảnh một con cá được đặt lên cân, sau đó có cảnh một con cá khác cùng loại bị một người cầm đuôi. Con số hiển thị cuối cùng trên cân là bao nhiêu?"
query-p1-3-qa,qa,7,L29_V019,22928,"Hình ảnh một con cá được đặt lên cân, sau đó có cảnh một con cá khác cùng loại bị một người cầm đuôi. Con số hiển thị cuối cùng trên cân là bao nhiêu?"
query-p1-3-qa,qa,8,L29_V019,22950,"Hình ảnh một con cá được đặt lên cân, sau đó có cảnh một con cá khác cùng loại bị một người cầm đuôi. Con số hiển thị cuối cùng trên cân là bao nhiêu?"
query-p1-4-kis,kis,1,L22_V021,10871,"Một đàn sư tử đang nghỉ ngơi và leo trèo trên các bục gỗ trong khu nuôi dưỡng, phía trước có bảng thông tin của London Zoo phục vụ công tác theo dõi và bảo tồn động vật.. Sau đó có cảnh hai nhân viên mặc áo xanh lá đang cân và ghi nhận số liệu của một con vật trong khuôn viên sở thú."
query-p1-4-kis,kis,2,L21_V014,26481,"Một đàn sư tử đang nghỉ ngơi và leo trèo trên các bục gỗ trong khu nuôi dưỡng, phía trước có bảng thông tin của London Zoo phục vụ công tác theo dõi và bảo tồn động vật.. Sau đó có cảnh hai nhân viên mặc áo xanh lá đang cân và ghi nhận số liệu của một con vật trong khuôn viên sở thú."
query-p1-4-kis,kis,3,L21_V014,26673,"Một đàn sư tử đang nghỉ ngơi và leo trèo trên các bục gỗ trong khu nuôi dưỡng, phía trước có bảng thông tin của London Zoo phục vụ công tác theo dõi và bảo tồn động vật.. Sau đó có cảnh hai nhân viên mặc áo xanh lá đang cân và ghi nhận số liệu của một con vật trong khuôn viên sở thú."
query-p1-4-kis,kis,4,L21_V014,26409,"Một đàn sư tử đang nghỉ ngơi và leo trèo trên các bục gỗ trong khu nuôi dưỡng, phía trước có bảng thông tin của London Zoo phục vụ công tác theo dõi và bảo tồn động vật.. Sau đó có cảnh hai nhân viên mặc áo xanh lá đang cân và ghi nhận số liệu của một con vật trong khuôn viên sở thú."
query-p1-4-kis,kis,5,L22_V021,10925,"Một đàn sư tử đang nghỉ ngơi và leo trèo trên các bục gỗ trong khu nuôi dưỡng, phía trước có bảng thông tin của London Zoo phục vụ công tác theo dõi và bảo tồn động vật.. Sau đó có cảnh hai nhân viên mặc áo xanh lá đang cân và ghi nhận số liệu của một con vật trong khuôn viên sở thú."
query-p1-4-kis,kis,6,L21_V014,26282,"Một đàn sư tử đang nghỉ ngơi và leo trèo trên các bục gỗ trong khu nuôi dưỡng, phía trước có bảng thông tin của London Zoo phục vụ công tác theo dõi và bảo tồn động vật.. Sau đó có cảnh hai nhân viên mặc áo xanh lá đang cân và ghi nhận số liệu của một con vật trong khuôn viên sở thú."
query-p1-4-kis,kis,7,L21_V014,25896,"Một đàn sư tử đang nghỉ ngơi và leo trèo trên các bục gỗ trong khu nuôi dưỡng, phía trước có bảng thông tin của London Zoo phục vụ công tác theo dõi và bảo tồn động vật.. Sau đó có cảnh hai nhân viên mặc áo xanh lá đang cân và ghi nhận số liệu của một con vật trong khuôn viên sở thú."
query-p1-4-kis,kis,8,L21_V014,26060,"Một đàn sư tử đang nghỉ ngơi và leo trèo trên các bục gỗ trong khu nuôi dưỡng, phía trước có bảng thông tin của London Zoo phục vụ công tác theo dõi và bảo tồn động vật.. Sau đó có cảnh hai nhân viên mặc áo xanh lá đang cân và ghi nhận số liệu của một con vật trong khuôn viên sở thú."
query-p1-5-kis,kis,1,L26_V035,6232,"Đoạn clip bắt đầu bằng việc đậu hà lan được bỏ vào với mực đang được xào trên chảo, bên cạnh là đĩa hành tây và ớt đỏ thái lát chuẩn bị cho vào món ăn. Đoạn clip kết thúc với khung quay chậm (slow motion) cảnh lắc chảo trên bếp lửa."
query-p1-5-kis,kis,2,L26_V177,6029,"Đoạn clip bắt đầu bằng việc đậu hà lan được bỏ vào với mực đang được xào trên chảo, bên cạnh là đĩa hành tây và ớt đỏ thái lát chuẩn bị cho vào món ăn. Đoạn clip kết thúc với khung quay chậm (slow motion) cảnh lắc chảo trên bếp lửa."
query-p1-5-kis,kis,3,L26_V035,6537,"Đoạn clip bắt đầu bằng việc đậu hà lan được bỏ vào với mực đang được xào trên chảo, bên cạnh là đĩa hành tây và ớt đỏ thái lát chuẩn bị cho vào món ăn. Đoạn clip kết thúc với khung quay chậm (slow motion) cảnh lắc chảo trên bếp lửa."
query-p1-5-kis,kis,4,L26_V132,5935,"Đoạn clip bắt đầu bằng việc đậu hà lan được bỏ vào với mực đang được xào trên chảo, bên cạnh là đĩa hành tây và ớt đỏ thái lát chuẩn bị cho vào món ăn. Đoạn clip kết thúc với khung quay chậm (slow motion) cảnh lắc chảo trên bếp lửa."
query-p1-5-kis,kis,5,L26_V483,6751,"Đoạn clip bắt đầu bằng việc đậu hà lan được bỏ vào với mực đang được xào trên chảo, bên cạnh là đĩa hành tây và ớt đỏ thái lát chuẩn bị cho vào món ăn. Đoạn clip kết thúc với khung quay chậm (slow motion) cảnh lắc chảo trên bếp lửa."
query-p1-5-kis,kis,6,L26_V039,4648,"Đoạn clip bắt đầu bằng việc đậu hà lan được bỏ vào với mực đang được xào trên chảo, bên cạnh là đĩa hành tây và ớt đỏ thái lát chuẩn bị cho vào món ăn. Đoạn clip kết thúc với khung quay chậm (slow motion) cảnh lắc chảo trên bếp lửa."
query-p1-5-kis,kis,7,L26_V039,4725,"Đoạn clip bắt đầu bằng việc đậu hà lan được bỏ vào với mực đang được xào trên chảo, bên cạnh là đĩa hành tây và ớt đỏ thái lát chuẩn bị cho vào món ăn. Đoạn clip kết thúc với khung quay chậm (slow motion) cảnh lắc chảo trên bếp lửa."
query-p1-5-kis,kis,8,L26_V120,5804,"Đoạn clip bắt đầu bằng việc đậu hà lan được bỏ vào với mực đang được xào trên chảo, bên cạnh là đĩa hành tây và ớt đỏ thái lát chuẩn bị cho vào món ăn. Đoạn clip kết thúc với khung quay chậm (slow motion) cảnh lắc chảo trên bếp lửa."
query-p1-6-kis,kis,1,L22_V023,18180,"Mẩu tin bắt đầu với hình ảnh nột người đàn ông mặc vest xanh đậm, sơ mi trắng và cà vạt, đang ngồi trên một chiếc ghế lớn. Ông cầm bằng hai tay một khối đá quý thô khá lớn, đưa lên gần mặt để quan sát.
Bên phải là một phụ nữ mặc trang phục công sở màu đen và khăn trùm đầu màu hồng tím, đang đứng cạnh và mỉm cười. Tiếp theo có hình ảnh toàn cảnh từ trên cao của một mỏ đá quý lộ thiên quy mô lớn với hố khai thác sâu nhiều tầng và hệ thống đường vận chuyển bao quanh."
query-p1-6-kis,kis,2,L30_V075,3819,"Mẩu tin bắt đầu với hình ảnh nột người đàn ông mặc vest xanh đậm, sơ mi trắng và cà vạt, đang ngồi trên một chiếc ghế lớn. Ông cầm bằng hai tay một khối đá quý thô khá lớn, đưa lên gần mặt để quan sát.
Bên phải là một phụ nữ mặc trang phục công sở màu đen và khăn trùm đầu màu hồng tím, đang đứng cạnh và mỉm cười. Tiếp theo có hình ảnh toàn cảnh từ trên cao của một mỏ đá quý lộ thiên quy mô lớn với hố khai thác sâu nhiều tầng và hệ thống đường vận chuyển bao quanh."
query-p1-6-kis,kis,3,L22_V023,685,"Mẩu tin bắt đầu với hình ảnh nột người đàn ông mặc vest xanh đậm, sơ mi trắng và cà vạt, đang ngồi trên một chiếc ghế lớn. Ông cầm bằng hai tay một khối đá quý thô khá lớn, đưa lên gần mặt để quan sát.
Bên phải là một phụ nữ mặc trang phục công sở màu đen và khăn trùm đầu màu hồng tím, đang đứng cạnh và mỉm cười. Tiếp theo có hình ảnh toàn cảnh từ trên cao của một mỏ đá quý lộ thiên quy mô lớn với hố khai thác sâu nhiều tầng và hệ thống đường vận chuyển bao quanh."
query-p1-6-kis,kis,4,L30_V068,4599,"Mẩu tin bắt đầu với hình ảnh nột người đàn ông mặc vest xanh đậm, sơ mi trắng và cà vạt, đang ngồi trên một chiếc ghế lớn. Ông cầm bằng hai tay một khối đá quý thô khá lớn, đưa lên gần mặt để quan sát.
Bên phải là một phụ nữ mặc trang phục công sở màu đen và khăn trùm đầu màu hồng tím, đang đứng cạnh và mỉm cười. Tiếp theo có hình ảnh toàn cảnh từ trên cao của một mỏ đá quý lộ thiên quy mô lớn với hố khai thác sâu nhiều tầng và hệ thống đường vận chuyển bao quanh."
query-p1-6-kis,kis,5,L30_V068,4455,"Mẩu tin bắt đầu với hình ảnh nột người đàn ông mặc vest xanh đậm, sơ mi trắng và cà vạt, đang ngồi trên một chiếc ghế lớn. Ông cầm bằng hai tay một khối đá quý thô khá lớn, đưa lên gần mặt để quan sát.
Bên phải là một phụ nữ mặc trang phục công sở màu đen và khăn trùm đầu màu hồng tím, đang đứng cạnh và mỉm cười. Tiếp theo có hình ảnh toàn cảnh từ trên cao của một mỏ đá quý lộ thiên quy mô lớn với hố khai thác sâu nhiều tầng và hệ thống đường vận chuyển bao quanh."
query-p1-6-kis,kis,6,L30_V068,5319,"Mẩu tin bắt đầu với hình ảnh nột người đàn ông mặc vest xanh đậm, sơ mi trắng và cà vạt, đang ngồi trên một chiếc ghế lớn. Ông cầm bằng hai tay một khối đá quý thô khá lớn, đưa lên gần mặt để quan sát.
Bên phải là một phụ nữ mặc trang phục công sở màu đen và khăn trùm đầu màu hồng tím, đang đứng cạnh và mỉm cười. Tiếp theo có hình ảnh toàn cảnh từ trên cao của một mỏ đá quý lộ thiên quy mô lớn với hố khai thác sâu nhiều tầng và hệ thống đường vận chuyển bao quanh."
query-p1-6-kis,kis,7,L30_V068,4335,"Mẩu tin bắt đầu với hình ảnh nột người đàn ông mặc vest xanh đậm, sơ mi trắng và cà vạt, đang ngồi trên một chiếc ghế lớn. Ông cầm bằng hai tay một khối đá quý thô khá lớn, đưa lên gần mặt để quan sát.
Bên phải là một phụ nữ mặc trang phục công sở màu đen và khăn trùm đầu màu hồng tím, đang đứng cạnh và mỉm cười. Tiếp theo có hình ảnh toàn cảnh từ trên cao của một mỏ đá quý lộ thiên quy mô lớn với hố khai thác sâu nhiều tầng và hệ thống đường vận chuyển bao quanh."
query-p1-6-kis,kis,8,L30_V068,3354,"Mẩu tin bắt đầu với hình ảnh nột người đàn ông mặc vest xanh đậm, sơ mi trắng và cà vạt, đang ngồi trên một chiếc ghế lớn. Ông cầm bằng hai tay một khối đá quý thô khá lớn, đưa lên gần mặt để quan sát.
Bên phải là một phụ nữ mặc trang phục công sở màu đen và khăn trùm đầu màu hồng tím, đang đứng cạnh và mỉm cười. Tiếp theo có hình ảnh toàn cảnh từ trên cao của một mỏ đá quý lộ thiên quy mô lớn với hố khai thác sâu nhiều tầng và hệ thống đường vận chuyển bao quanh."
query-p1-7-kis,kis,1,L26_V041,7369,"Đoạn clip bắt đầu bằng cảnh cà rốt cắt hình ngôi sao đang được luộc trong nồi nước sôi, đặt trong rổ lưới kim loại và được đảo bằng đôi đũa gỗ. 
Đoạn clip kết thúc bằng hình ảnh đĩa rau củ luộc và đồ chiên được trình bày đẹp mắt, gồm đậu bắp, súp lơ, cà rốt hình ngôi sao, bí xanh, chén nước chấm màu hồng ở giữa và đôi đũa màu hồng nhạt đặt bên phải"
query-p1-7-kis,kis,2,L26_V041,405,"Đoạn clip bắt đầu bằng cảnh cà rốt cắt hình ngôi sao đang được luộc trong nồi nước sôi, đặt trong rổ lưới kim loại và được đảo bằng đôi đũa gỗ. 
Đoạn clip kết thúc bằng hình ảnh đĩa rau củ luộc và đồ chiên được trình bày đẹp mắt, gồm đậu bắp, súp lơ, cà rốt hình ngôi sao, bí xanh, chén nước chấm màu hồng ở giữa và đôi đũa màu hồng nhạt đặt bên phải"
query-p1-7-kis,kis,3,L26_V041,300,"Đoạn clip bắt đầu bằng cảnh cà rốt cắt hình ngôi sao đang được luộc trong nồi nước sôi, đặt trong rổ lưới kim loại và được đảo bằng đôi đũa gỗ. 
Đoạn clip kết thúc bằng hình ảnh đĩa rau củ luộc và đồ chiên được trình bày đẹp mắt, gồm đậu bắp, súp lơ, cà rốt hình ngôi sao, bí xanh, chén nước chấm màu hồng ở giữa và đôi đũa màu hồng nhạt đặt bên phải"
query-p1-7-kis,kis,4,L26_V041,2928,"Đoạn clip bắt đầu bằng cảnh cà rốt cắt hình ngôi sao đang được luộc trong nồi nước sôi, đặt trong rổ lưới kim loại và được đảo bằng đôi đũa gỗ. 
Đoạn clip kết thúc bằng hình ảnh đĩa rau củ luộc và đồ chiên được trình bày đẹp mắt, gồm đậu bắp, súp lơ, cà rốt hình ngôi sao, bí xanh, chén nước chấm màu hồng ở giữa và đôi đũa màu hồng nhạt đặt bên phải"
query-p1-7-kis,kis,5,L26_V041,6787,"Đoạn clip bắt đầu bằng cảnh cà rốt cắt hình ngôi sao đang được luộc trong nồi nước sôi, đặt trong rổ lưới kim loại và được đảo bằng đôi đũa gỗ. 
Đoạn clip kết thúc bằng hình ảnh đĩa rau củ luộc và đồ chiên được trình bày đẹp mắt, gồm đậu bắp, súp lơ, cà rốt hình ngôi sao, bí xanh, chén nước chấm màu hồng ở giữa và đôi đũa màu hồng nhạt đặt bên phải"
query-p1-7-kis,kis,6,L26_V041,2970,"Đoạn clip bắt đầu bằng cảnh cà rốt cắt hình ngôi sao đang được luộc trong nồi nước sôi, đặt trong rổ lưới kim loại và được đảo bằng đôi đũa gỗ. 
Đoạn clip kết thúc bằng hình ảnh đĩa rau củ luộc và đồ chiên được trình bày đẹp mắt, gồm đậu bắp, súp lơ, cà rốt hình ngôi sao, bí xanh, chén nước chấm màu hồng ở giữa và đôi đũa màu hồng nhạt đặt bên phải"
query-p1-7-kis,kis,7,L26_V041,7425,"Đoạn clip bắt đầu bằng cảnh cà rốt cắt hình ngôi sao đang được luộc trong nồi nước sôi, đặt trong rổ lưới kim loại và được đảo bằng đôi đũa gỗ. 
Đoạn clip kết thúc bằng hình ảnh đĩa rau củ luộc và đồ chiên được trình bày đẹp mắt, gồm đậu bắp, súp lơ, cà rốt hình ngôi sao, bí xanh, chén nước chấm màu hồng ở giữa và đôi đũa màu hồng nhạt đặt bên phải"
query-p1-7-kis,kis,8,L26_V230,6272,"Đoạn clip bắt đầu bằng cảnh cà rốt cắt hình ngôi sao đang được luộc trong nồi nước sôi, đặt trong rổ lưới kim loại và được đảo bằng đôi đũa gỗ. 
Đoạn clip kết thúc bằng hình ảnh đĩa rau củ luộc và đồ chiên được trình bày đẹp mắt, gồm đậu bắp, súp lơ, cà rốt hình ngôi sao, bí xanh, chén nước chấm màu hồng ở giữa và đôi đũa màu hồng nhạt đặt bên phải"
query-p1-8-kis,kis,1,L26_V052,2964,"Người đầu bếp lần lượt đặt các miếng nguyên liệu dạng thanh và những lát cắt hình hoa vào một đĩa đang được hấp trong nồi.
Các nguyên liệu được dùng đũa sắp xếp xen kẽ xung quanh phần thức ăn đã có sẵn trên đĩa.
Sau đó, đầu bếp dùng muỗng lấy thêm một loại nguyên liệu mềm từ tô thủy tinh.
Phần nguyên liệu này được đặt vào giữa đĩa, xung quanh là các miếng dạng thanh và hình hoa đã được sắp xếp trước đó."
query-p1-8-kis,kis,2,L26_V246,4352,"Người đầu bếp lần lượt đặt các miếng nguyên liệu dạng thanh và những lát cắt hình hoa vào một đĩa đang được hấp trong nồi.
Các nguyên liệu được dùng đũa sắp xếp xen kẽ xung quanh phần thức ăn đã có sẵn trên đĩa.
Sau đó, đầu bếp dùng muỗng lấy thêm một loại nguyên liệu mềm từ tô thủy tinh.
Phần nguyên liệu này được đặt vào giữa đĩa, xung quanh là các miếng dạng thanh và hình hoa đã được sắp xếp trước đó."
query-p1-8-kis,kis,3,L26_V310,3325,"Người đầu bếp lần lượt đặt các miếng nguyên liệu dạng thanh và những lát cắt hình hoa vào một đĩa đang được hấp trong nồi.
Các nguyên liệu được dùng đũa sắp xếp xen kẽ xung quanh phần thức ăn đã có sẵn trên đĩa.
Sau đó, đầu bếp dùng muỗng lấy thêm một loại nguyên liệu mềm từ tô thủy tinh.
Phần nguyên liệu này được đặt vào giữa đĩa, xung quanh là các miếng dạng thanh và hình hoa đã được sắp xếp trước đó."
query-p1-8-kis,kis,4,L26_V246,1358,"Người đầu bếp lần lượt đặt các miếng nguyên liệu dạng thanh và những lát cắt hình hoa vào một đĩa đang được hấp trong nồi.
Các nguyên liệu được dùng đũa sắp xếp xen kẽ xung quanh phần thức ăn đã có sẵn trên đĩa.
Sau đó, đầu bếp dùng muỗng lấy thêm một loại nguyên liệu mềm từ tô thủy tinh.
Phần nguyên liệu này được đặt vào giữa đĩa, xung quanh là các miếng dạng thanh và hình hoa đã được sắp xếp trước đó."
query-p1-8-kis,kis,5,L26_V170,7117,"Người đầu bếp lần lượt đặt các miếng nguyên liệu dạng thanh và những lát cắt hình hoa vào một đĩa đang được hấp trong nồi.
Các nguyên liệu được dùng đũa sắp xếp xen kẽ xung quanh phần thức ăn đã có sẵn trên đĩa.
Sau đó, đầu bếp dùng muỗng lấy thêm một loại nguyên liệu mềm từ tô thủy tinh.
Phần nguyên liệu này được đặt vào giữa đĩa, xung quanh là các miếng dạng thanh và hình hoa đã được sắp xếp trước đó."
query-p1-8-kis,kis,6,L26_V310,3328,"Người đầu bếp lần lượt đặt các miếng nguyên liệu dạng thanh và những lát cắt hình hoa vào một đĩa đang được hấp trong nồi.
Các nguyên liệu được dùng đũa sắp xếp xen kẽ xung quanh phần thức ăn đã có sẵn trên đĩa.
Sau đó, đầu bếp dùng muỗng lấy thêm một loại nguyên liệu mềm từ tô thủy tinh.
Phần nguyên liệu này được đặt vào giữa đĩa, xung quanh là các miếng dạng thanh và hình hoa đã được sắp xếp trước đó."
query-p1-8-kis,kis,7,L26_V171,7168,"Người đầu bếp lần lượt đặt các miếng nguyên liệu dạng thanh và những lát cắt hình hoa vào một đĩa đang được hấp trong nồi.
Các nguyên liệu được dùng đũa sắp xếp xen kẽ xung quanh phần thức ăn đã có sẵn trên đĩa.
Sau đó, đầu bếp dùng muỗng lấy thêm một loại nguyên liệu mềm từ tô thủy tinh.
Phần nguyên liệu này được đặt vào giữa đĩa, xung quanh là các miếng dạng thanh và hình hoa đã được sắp xếp trước đó."
query-p1-8-kis,kis,8,L26_V170,300,"Người đầu bếp lần lượt đặt các miếng nguyên liệu dạng thanh và những lát cắt hình hoa vào một đĩa đang được hấp trong nồi.
Các nguyên liệu được dùng đũa sắp xếp xen kẽ xung quanh phần thức ăn đã có sẵn trên đĩa.
Sau đó, đầu bếp dùng muỗng lấy thêm một loại nguyên liệu mềm từ tô thủy tinh.
Phần nguyên liệu này được đặt vào giữa đĩa, xung quanh là các miếng dạng thanh và hình hoa đã được sắp xếp trước đó."
query-p1-9-qa,qa,1,L22_V008,24518,"Đoạn phim ghi lại cảnh những chiếc xe ô tô lội nước, chiếc xe màu vàng, màu đỏ và màu đen lần lượt chuẩn bị đi qua cầu. Con số được ghi trên biển báo bên trái của cây cầu là bao nhiêu?"
query-p1-9-qa,qa,2,L27_V010,11662,"Đoạn phim ghi lại cảnh những chiếc xe ô tô lội nước, chiếc xe màu vàng, màu đỏ và màu đen lần lượt chuẩn bị đi qua cầu. Con số được ghi trên biển báo bên trái của cây cầu là bao nhiêu?"
query-p1-9-qa,qa,3,L28_V022,12150,"Đoạn phim ghi lại cảnh những chiếc xe ô tô lội nước, chiếc xe màu vàng, màu đỏ và màu đen lần lượt chuẩn bị đi qua cầu. Con số được ghi trên biển báo bên trái của cây cầu là bao nhiêu?"
query-p1-9-qa,qa,4,L22_V016,16037,"Đoạn phim ghi lại cảnh những chiếc xe ô tô lội nước, chiếc xe màu vàng, màu đỏ và màu đen lần lượt chuẩn bị đi qua cầu. Con số được ghi trên biển báo bên trái của cây cầu là bao nhiêu?"
query-p1-9-qa,qa,5,L22_V030,3329,"Đoạn phim ghi lại cảnh những chiếc xe ô tô lội nước, chiếc xe màu vàng, màu đỏ và màu đen lần lượt chuẩn bị đi qua cầu. Con số được ghi trên biển báo bên trái của cây cầu là bao nhiêu?"
query-p1-9-qa,qa,6,L27_V007,13615,"Đoạn phim ghi lại cảnh những chiếc xe ô tô lội nước, chiếc xe màu vàng, màu đỏ và màu đen lần lượt chuẩn bị đi qua cầu. Con số được ghi trên biển báo bên trái của cây cầu là bao nhiêu?"
query-p1-9-qa,qa,7,L22_V011,28463,"Đoạn phim ghi lại cảnh những chiếc xe ô tô lội nước, chiếc xe màu vàng, màu đỏ và màu đen lần lượt chuẩn bị đi qua cầu. Con số được ghi trên biển báo bên trái của cây cầu là bao nhiêu?"
query-p1-9-qa,qa,8,L28_V021,17157,"Đoạn phim ghi lại cảnh những chiếc xe ô tô lội nước, chiếc xe màu vàng, màu đỏ và màu đen lần lượt chuẩn bị đi qua cầu. Con số được ghi trên biển báo bên trái của cây cầu là bao nhiêu?"
